{"cameraMode":{"drawMode":0,"name":"Shaded","section":"Shading Mode"},"sceneLighting":false,"audioPlay":false,"sceneViewState":{"m_AlwaysRefresh":false,"showFog":true,"showSkybox":true,"showFlares":true,"showImageEffects":true,"showParticleSystems":true,"showVisualEffectGraphs":true,"m_FxEnabled":true},"in2DMode":false,"pivot":{"x":1.1390891075134278,"y":2.240000009536743,"z":0.026562213897705079},"rotation":{"x":0.16533124446868897,"y":0.6523902416229248,"z":-0.14900578558444978,"w":0.724513828754425},"size":69.66219329833985,"orthographic":false}