{"cameraMode":{"drawMode":0,"name":"Shaded","section":"Shading Mode"},"sceneLighting":false,"audioPlay":false,"sceneViewState":{"m_AlwaysRefresh":false,"showFog":true,"showSkybox":true,"showFlares":true,"showImageEffects":true,"showParticleSystems":true,"showVisualEffectGraphs":true,"m_FxEnabled":true},"in2DMode":false,"pivot":{"x":2.7712321281433107,"y":4.0446672439575199,"z":0.518484354019165},"rotation":{"x":0.20153242349624635,"y":0.4133888781070709,"z":-0.09445761889219284,"w":0.8829765319824219},"size":4.087622165679932,"orthographic":false}